Order_ID,Order_Date,Customer_Name,Product,Category,Region,Quantity,Unit_Price,Sales,Profit
1001,2025-01-05,Aman,Laptop,Electronics,West,1,55000,55000,7000
1002,2025-01-08,Rahul,Mouse,Electronics,North,3,800,2400,600
1003,2025-01-12,Priya,Keyboard,Electronics,South,2,1500,3000,700
1004,2025-01-15,Neha,Chair,Furniture,West,2,4500,9000,1800
1005,2025-01-20,Ali,Desk,Furniture,North,1,8000,8000,1500
1006,2025-02-03,Aman,Monitor,Electronics,West,2,12000,24000,4000
1007,2025-02-07,Rahul,Table,Furniture,South,1,7000,7000,1200
1008,2025-02-11,Priya,Laptop,Electronics,North,2,55000,110000,14000
1009,2025-02-18,Neha,Mouse,Electronics,West,5,800,4000,1000
1010,2025-02-22,Ali,Chair,Furniture,South,4,4500,18000,3600
1011,2025-03-02,Aman,Keyboard,Electronics,West,3,1500,4500,1000
1012,2025-03-06,Rahul,Desk,Furniture,North,2,8000,16000,3000
1013,2025-03-10,Priya,Monitor,Electronics,South,2,12000,24000,4000
1014,2025-03-15,Neha,Laptop,Electronics,West,1,55000,55000,7000
1015,2025-03-20,Ali,Table,Furniture,North,2,7000,14000,2400
1016,2025-04-03,Aman,Chair,Furniture,South,3,4500,13500,2700
1017,2025-04-07,Rahul,Mouse,Electronics,West,6,800,4800,1200
1018,2025-04-12,Priya,Laptop,Electronics,North,1,55000,55000,7000
1019,2025-04-18,Neha,Desk,Furniture,South,2,8000,16000,3000
1020,2025-04-25,Ali,Monitor,Electronics,West,1,12000,12000,2000